date,hits,keyword
2020-03-08,19,poncho cape
2020-03-15,17,poncho cape
2020-03-22,16,poncho cape
2020-03-29,23,poncho cape
2020-04-05,13,poncho cape
2020-04-12,19,poncho cape
2020-04-19,19,poncho cape
2020-04-26,22,poncho cape
2020-05-03,19,poncho cape
2020-05-10,22,poncho cape
2020-05-17,20,poncho cape
2020-05-24,17,poncho cape
2020-05-31,28,poncho cape
2020-06-07,23,poncho cape
2020-06-14,0,poncho cape
2020-06-21,22,poncho cape
2020-06-28,17,poncho cape
2020-07-05,0,poncho cape
2020-07-12,15,poncho cape
2020-07-19,20,poncho cape
2020-07-26,32,poncho cape
2020-08-02,37,poncho cape
2020-08-09,36,poncho cape
2020-08-16,37,poncho cape
2020-08-23,29,poncho cape
2020-08-30,32,poncho cape
2020-09-06,33,poncho cape
2020-09-13,46,poncho cape
2020-09-20,54,poncho cape
2020-09-27,62,poncho cape
2020-10-04,64,poncho cape
2020-10-11,57,poncho cape
2020-10-18,63,poncho cape
2020-10-25,74,poncho cape
2020-11-01,51,poncho cape
2020-11-08,60,poncho cape
2020-11-15,67,poncho cape
2020-11-22,74,poncho cape
2020-11-29,67,poncho cape
2020-12-06,85,poncho cape
2020-12-13,74,poncho cape
2020-12-20,61,poncho cape
2020-12-27,60,poncho cape
2021-01-03,46,poncho cape
2021-01-10,46,poncho cape
2021-01-17,32,poncho cape
2021-01-24,20,poncho cape
2021-01-31,43,poncho cape
2021-02-07,38,poncho cape
2021-02-14,32,poncho cape
2021-02-21,31,poncho cape
2021-02-28,19,poncho cape
2021-03-07,26,poncho cape
2021-03-14,26,poncho cape
2021-03-21,25,poncho cape
2021-03-28,21,poncho cape
2021-04-04,23,poncho cape
2021-04-11,22,poncho cape
2021-04-18,22,poncho cape
2021-04-25,27,poncho cape
2021-05-02,26,poncho cape
2021-05-09,21,poncho cape
2021-05-16,20,poncho cape
2021-05-23,23,poncho cape
2021-05-30,0,poncho cape
2021-06-06,0,poncho cape
2021-06-13,19,poncho cape
2021-06-20,18,poncho cape
2021-06-27,0,poncho cape
2021-07-04,24,poncho cape
2021-07-11,37,poncho cape
2021-07-18,24,poncho cape
2021-07-25,21,poncho cape
2021-08-01,0,poncho cape
2021-08-08,26,poncho cape
2021-08-15,35,poncho cape
2021-08-22,41,poncho cape
2021-08-29,53,poncho cape
2021-09-05,34,poncho cape
2021-09-12,37,poncho cape
2021-09-19,44,poncho cape
2021-09-26,52,poncho cape
2021-10-03,57,poncho cape
2021-10-10,72,poncho cape
2021-10-17,80,poncho cape
2021-10-24,94,poncho cape
2021-10-31,59,poncho cape
2021-11-07,87,poncho cape
2021-11-14,87,poncho cape
2021-11-21,91,poncho cape
2021-11-28,73,poncho cape
2021-12-05,98,poncho cape
2021-12-12,75,poncho cape
2021-12-19,72,poncho cape
2021-12-26,52,poncho cape
2022-01-02,57,poncho cape
2022-01-09,52,poncho cape
2022-01-16,35,poncho cape
2022-01-23,44,poncho cape
2022-01-30,58,poncho cape
2022-02-06,41,poncho cape
2022-02-13,37,poncho cape
2022-02-20,34,poncho cape
2022-02-27,45,poncho cape
2022-03-06,42,poncho cape
2022-03-13,34,poncho cape
2022-03-20,37,poncho cape
2022-03-27,28,poncho cape
2022-04-03,32,poncho cape
2022-04-10,33,poncho cape
2022-04-17,31,poncho cape
2022-04-24,21,poncho cape
2022-05-01,26,poncho cape
2022-05-08,23,poncho cape
2022-05-15,0,poncho cape
2022-05-22,27,poncho cape
2022-05-29,26,poncho cape
2022-06-05,19,poncho cape
2022-06-12,15,poncho cape
2022-06-19,0,poncho cape
2022-06-26,19,poncho cape
2022-07-03,15,poncho cape
2022-07-10,23,poncho cape
2022-07-17,28,poncho cape
2022-07-24,24,poncho cape
2022-07-31,20,poncho cape
2022-08-07,28,poncho cape
2022-08-14,47,poncho cape
2022-08-21,34,poncho cape
2022-08-28,22,poncho cape
2022-09-04,35,poncho cape
2022-09-11,57,poncho cape
2022-09-18,59,poncho cape
2022-09-25,54,poncho cape
2022-10-02,82,poncho cape
2022-10-09,70,poncho cape
2022-10-16,92,poncho cape
2022-10-23,78,poncho cape
2022-10-30,50,poncho cape
2022-11-06,70,poncho cape
2022-11-13,94,poncho cape
2022-11-20,90,poncho cape
2022-11-27,89,poncho cape
2022-12-04,86,poncho cape
2022-12-11,94,poncho cape
2022-12-18,56,poncho cape
2022-12-25,76,poncho cape
2023-01-01,62,poncho cape
2023-01-08,39,poncho cape
2023-01-15,52,poncho cape
2023-01-22,49,poncho cape
2023-01-29,45,poncho cape
2023-02-05,31,poncho cape
2023-02-12,39,poncho cape
2023-02-19,40,poncho cape
2023-02-26,28,poncho cape
2023-03-05,21,poncho cape
2023-03-12,34,poncho cape
2023-03-19,34,poncho cape
2023-03-26,26,poncho cape
2023-04-02,27,poncho cape
2023-04-09,23,poncho cape
2023-04-16,29,poncho cape
2023-04-23,33,poncho cape
2023-04-30,20,poncho cape
2023-05-07,28,poncho cape
2023-05-14,22,poncho cape
2023-05-21,27,poncho cape
2023-05-28,17,poncho cape
2023-06-04,31,poncho cape
2023-06-11,20,poncho cape
2023-06-18,27,poncho cape
2023-06-25,18,poncho cape
2023-07-02,20,poncho cape
2023-07-09,31,poncho cape
2023-07-16,25,poncho cape
2023-07-23,19,poncho cape
2023-07-30,18,poncho cape
2023-08-06,21,poncho cape
2023-08-13,33,poncho cape
2023-08-20,32,poncho cape
2023-08-27,26,poncho cape
2023-09-03,47,poncho cape
2023-09-10,50,poncho cape
2023-09-17,54,poncho cape
2023-09-24,70,poncho cape
2023-10-01,60,poncho cape
2023-10-08,74,poncho cape
2023-10-15,72,poncho cape
2023-10-22,70,poncho cape
2023-10-29,66,poncho cape
2023-11-05,62,poncho cape
2023-11-12,60,poncho cape
2023-11-19,80,poncho cape
2023-11-26,66,poncho cape
2023-12-03,73,poncho cape
2023-12-10,74,poncho cape
2023-12-17,83,poncho cape
2023-12-24,52,poncho cape
2023-12-31,34,poncho cape
2024-01-07,54,poncho cape
2024-01-14,53,poncho cape
2024-01-21,41,poncho cape
2024-01-28,31,poncho cape
2024-02-04,28,poncho cape
2024-02-11,38,poncho cape
2024-02-18,30,poncho cape
2024-02-25,28,poncho cape
2024-03-03,35,poncho cape
2024-03-10,33,poncho cape
2024-03-17,30,poncho cape
2024-03-24,35,poncho cape
2024-03-31,38,poncho cape
2024-04-07,27,poncho cape
2024-04-14,24,poncho cape
2024-04-21,33,poncho cape
2024-04-28,33,poncho cape
2024-05-05,0,poncho cape
2024-05-12,24,poncho cape
2024-05-19,0,poncho cape
2024-05-26,23,poncho cape
2024-06-02,0,poncho cape
2024-06-09,20,poncho cape
2024-06-16,0,poncho cape
2024-06-23,29,poncho cape
2024-06-30,25,poncho cape
2024-07-07,20,poncho cape
2024-07-14,30,poncho cape
2024-07-21,24,poncho cape
2024-07-28,18,poncho cape
2024-08-04,25,poncho cape
2024-08-11,41,poncho cape
2024-08-18,32,poncho cape
2024-08-25,20,poncho cape
2024-09-01,53,poncho cape
2024-09-08,48,poncho cape
2024-09-15,26,poncho cape
2024-09-22,44,poncho cape
2024-09-29,57,poncho cape
2024-10-06,51,poncho cape
2024-10-13,85,poncho cape
2024-10-20,70,poncho cape
2024-10-27,70,poncho cape
2024-11-03,67,poncho cape
2024-11-10,76,poncho cape
2024-11-17,85,poncho cape
2024-11-24,84,poncho cape
2024-12-01,96,poncho cape
2024-12-08,100,poncho cape
2024-12-15,87,poncho cape
2024-12-22,54,poncho cape
2024-12-29,63,poncho cape
2025-01-05,67,poncho cape
2025-01-12,51,poncho cape
2025-01-19,59,poncho cape
2025-01-26,50,poncho cape
2025-02-02,43,poncho cape
2025-02-09,60,poncho cape
2025-02-16,45,poncho cape
2025-02-23,37,poncho cape
2025-03-02,33,poncho cape
2025-03-09,37,poncho cape
2025-03-16,32,poncho cape
2025-03-23,29,poncho cape
2025-03-30,26,poncho cape
2025-04-06,29,poncho cape
2025-04-13,48,poncho cape
2020-03-08,0,shearling slippers
2020-03-15,9,shearling slippers
2020-03-22,7,shearling slippers
2020-03-29,11,shearling slippers
2020-04-05,13,shearling slippers
2020-04-12,13,shearling slippers
2020-04-19,8,shearling slippers
2020-04-26,10,shearling slippers
2020-05-03,10,shearling slippers
2020-05-10,13,shearling slippers
2020-05-17,10,shearling slippers
2020-05-24,7,shearling slippers
2020-05-31,11,shearling slippers
2020-06-07,6,shearling slippers
2020-06-14,7,shearling slippers
2020-06-21,0,shearling slippers
2020-06-28,0,shearling slippers
2020-07-05,6,shearling slippers
2020-07-12,0,shearling slippers
2020-07-19,0,shearling slippers
2020-07-26,9,shearling slippers
2020-08-02,6,shearling slippers
2020-08-09,8,shearling slippers
2020-08-16,12,shearling slippers
2020-08-23,8,shearling slippers
2020-08-30,10,shearling slippers
2020-09-06,16,shearling slippers
2020-09-13,16,shearling slippers
2020-09-20,25,shearling slippers
2020-09-27,20,shearling slippers
2020-10-04,30,shearling slippers
2020-10-11,29,shearling slippers
2020-10-18,34,shearling slippers
2020-10-25,38,shearling slippers
2020-11-01,35,shearling slippers
2020-11-08,44,shearling slippers
2020-11-15,60,shearling slippers
2020-11-22,78,shearling slippers
2020-11-29,84,shearling slippers
2020-12-06,89,shearling slippers
2020-12-13,90,shearling slippers
2020-12-20,62,shearling slippers
2020-12-27,64,shearling slippers
2021-01-03,36,shearling slippers
2021-01-10,34,shearling slippers
2021-01-17,26,shearling slippers
2021-01-24,27,shearling slippers
2021-01-31,27,shearling slippers
2021-02-07,22,shearling slippers
2021-02-14,27,shearling slippers
2021-02-21,12,shearling slippers
2021-02-28,16,shearling slippers
2021-03-07,10,shearling slippers
2021-03-14,9,shearling slippers
2021-03-21,15,shearling slippers
2021-03-28,8,shearling slippers
2021-04-04,8,shearling slippers
2021-04-11,9,shearling slippers
2021-04-18,0,shearling slippers
2021-04-25,0,shearling slippers
2021-05-02,11,shearling slippers
2021-05-09,7,shearling slippers
2021-05-16,7,shearling slippers
2021-05-23,7,shearling slippers
2021-05-30,6,shearling slippers
2021-06-06,0,shearling slippers
2021-06-13,0,shearling slippers
2021-06-20,9,shearling slippers
2021-06-27,0,shearling slippers
2021-07-04,10,shearling slippers
2021-07-11,7,shearling slippers
2021-07-18,0,shearling slippers
2021-07-25,9,shearling slippers
2021-08-01,12,shearling slippers
2021-08-08,7,shearling slippers
2021-08-15,7,shearling slippers
2021-08-22,10,shearling slippers
2021-08-29,15,shearling slippers
2021-09-05,12,shearling slippers
2021-09-12,15,shearling slippers
2021-09-19,22,shearling slippers
2021-09-26,23,shearling slippers
2021-10-03,24,shearling slippers
2021-10-10,25,shearling slippers
2021-10-17,39,shearling slippers
2021-10-24,34,shearling slippers
2021-10-31,38,shearling slippers
2021-11-07,54,shearling slippers
2021-11-14,46,shearling slippers
2021-11-21,65,shearling slippers
2021-11-28,70,shearling slippers
2021-12-05,57,shearling slippers
2021-12-12,60,shearling slippers
2021-12-19,52,shearling slippers
2021-12-26,50,shearling slippers
2022-01-02,37,shearling slippers
2022-01-09,35,shearling slippers
2022-01-16,29,shearling slippers
2022-01-23,22,shearling slippers
2022-01-30,25,shearling slippers
2022-02-06,24,shearling slippers
2022-02-13,19,shearling slippers
2022-02-20,14,shearling slippers
2022-02-27,17,shearling slippers
2022-03-06,12,shearling slippers
2022-03-13,14,shearling slippers
2022-03-20,11,shearling slippers
2022-03-27,8,shearling slippers
2022-04-03,11,shearling slippers
2022-04-10,10,shearling slippers
2022-04-17,11,shearling slippers
2022-04-24,8,shearling slippers
2022-05-01,7,shearling slippers
2022-05-08,8,shearling slippers
2022-05-15,5,shearling slippers
2022-05-22,0,shearling slippers
2022-05-29,11,shearling slippers
2022-06-05,6,shearling slippers
2022-06-12,15,shearling slippers
2022-06-19,6,shearling slippers
2022-06-26,7,shearling slippers
2022-07-03,7,shearling slippers
2022-07-10,11,shearling slippers
2022-07-17,9,shearling slippers
2022-07-24,7,shearling slippers
2022-07-31,6,shearling slippers
2022-08-07,11,shearling slippers
2022-08-14,10,shearling slippers
2022-08-21,11,shearling slippers
2022-08-28,12,shearling slippers
2022-09-04,14,shearling slippers
2022-09-11,13,shearling slippers
2022-09-18,15,shearling slippers
2022-09-25,22,shearling slippers
2022-10-02,26,shearling slippers
2022-10-09,25,shearling slippers
2022-10-16,36,shearling slippers
2022-10-23,32,shearling slippers
2022-10-30,35,shearling slippers
2022-11-06,36,shearling slippers
2022-11-13,52,shearling slippers
2022-11-20,83,shearling slippers
2022-11-27,73,shearling slippers
2022-12-04,81,shearling slippers
2022-12-11,90,shearling slippers
2022-12-18,69,shearling slippers
2022-12-25,63,shearling slippers
2023-01-01,41,shearling slippers
2023-01-08,25,shearling slippers
2023-01-15,31,shearling slippers
2023-01-22,23,shearling slippers
2023-01-29,21,shearling slippers
2023-02-05,23,shearling slippers
2023-02-12,13,shearling slippers
2023-02-19,15,shearling slippers
2023-02-26,14,shearling slippers
2023-03-05,13,shearling slippers
2023-03-12,11,shearling slippers
2023-03-19,8,shearling slippers
2023-03-26,12,shearling slippers
2023-04-02,13,shearling slippers
2023-04-09,9,shearling slippers
2023-04-16,7,shearling slippers
2023-04-23,5,shearling slippers
2023-04-30,14,shearling slippers
2023-05-07,12,shearling slippers
2023-05-14,7,shearling slippers
2023-05-21,7,shearling slippers
2023-05-28,8,shearling slippers
2023-06-04,9,shearling slippers
2023-06-11,12,shearling slippers
2023-06-18,9,shearling slippers
2023-06-25,7,shearling slippers
2023-07-02,10,shearling slippers
2023-07-09,7,shearling slippers
2023-07-16,11,shearling slippers
2023-07-23,8,shearling slippers
2023-07-30,14,shearling slippers
2023-08-06,9,shearling slippers
2023-08-13,21,shearling slippers
2023-08-20,15,shearling slippers
2023-08-27,16,shearling slippers
2023-09-03,18,shearling slippers
2023-09-10,22,shearling slippers
2023-09-17,23,shearling slippers
2023-09-24,19,shearling slippers
2023-10-01,24,shearling slippers
2023-10-08,26,shearling slippers
2023-10-15,37,shearling slippers
2023-10-22,36,shearling slippers
2023-10-29,45,shearling slippers
2023-11-05,42,shearling slippers
2023-11-12,53,shearling slippers
2023-11-19,90,shearling slippers
2023-11-26,86,shearling slippers
2023-12-03,87,shearling slippers
2023-12-10,84,shearling slippers
2023-12-17,60,shearling slippers
2023-12-24,65,shearling slippers
2023-12-31,50,shearling slippers
2024-01-07,43,shearling slippers
2024-01-14,40,shearling slippers
2024-01-21,25,shearling slippers
2024-01-28,22,shearling slippers
2024-02-04,21,shearling slippers
2024-02-11,14,shearling slippers
2024-02-18,22,shearling slippers
2024-02-25,12,shearling slippers
2024-03-03,16,shearling slippers
2024-03-10,11,shearling slippers
2024-03-17,13,shearling slippers
2024-03-24,20,shearling slippers
2024-03-31,10,shearling slippers
2024-04-07,8,shearling slippers
2024-04-14,6,shearling slippers
2024-04-21,10,shearling slippers
2024-04-28,11,shearling slippers
2024-05-05,9,shearling slippers
2024-05-12,11,shearling slippers
2024-05-19,7,shearling slippers
2024-05-26,8,shearling slippers
2024-06-02,7,shearling slippers
2024-06-09,10,shearling slippers
2024-06-16,0,shearling slippers
2024-06-23,9,shearling slippers
2024-06-30,15,shearling slippers
2024-07-07,11,shearling slippers
2024-07-14,13,shearling slippers
2024-07-21,6,shearling slippers
2024-07-28,8,shearling slippers
2024-08-04,14,shearling slippers
2024-08-11,8,shearling slippers
2024-08-18,9,shearling slippers
2024-08-25,16,shearling slippers
2024-09-01,15,shearling slippers
2024-09-08,20,shearling slippers
2024-09-15,26,shearling slippers
2024-09-22,22,shearling slippers
2024-09-29,18,shearling slippers
2024-10-06,25,shearling slippers
2024-10-13,39,shearling slippers
2024-10-20,29,shearling slippers
2024-10-27,39,shearling slippers
2024-11-03,27,shearling slippers
2024-11-10,41,shearling slippers
2024-11-17,54,shearling slippers
2024-11-24,82,shearling slippers
2024-12-01,100,shearling slippers
2024-12-08,91,shearling slippers
2024-12-15,93,shearling slippers
2024-12-22,74,shearling slippers
2024-12-29,55,shearling slippers
2025-01-05,43,shearling slippers
2025-01-12,29,shearling slippers
2025-01-19,40,shearling slippers
2025-01-26,34,shearling slippers
2025-02-02,18,shearling slippers
2025-02-09,18,shearling slippers
2025-02-16,19,shearling slippers
2025-02-23,19,shearling slippers
2025-03-02,14,shearling slippers
2025-03-09,12,shearling slippers
2025-03-16,7,shearling slippers
2025-03-23,12,shearling slippers
2025-03-30,9,shearling slippers
2025-04-06,10,shearling slippers
2025-04-13,13,shearling slippers
2020-03-08,0,long-sleeve bodysuit
2020-03-15,0,long-sleeve bodysuit
2020-03-22,0,long-sleeve bodysuit
2020-03-29,0,long-sleeve bodysuit
2020-04-05,0,long-sleeve bodysuit
2020-04-12,0,long-sleeve bodysuit
2020-04-19,0,long-sleeve bodysuit
2020-04-26,42,long-sleeve bodysuit
2020-05-03,0,long-sleeve bodysuit
2020-05-10,0,long-sleeve bodysuit
2020-05-17,0,long-sleeve bodysuit
2020-05-24,0,long-sleeve bodysuit
2020-05-31,0,long-sleeve bodysuit
2020-06-07,0,long-sleeve bodysuit
2020-06-14,0,long-sleeve bodysuit
2020-06-21,0,long-sleeve bodysuit
2020-06-28,0,long-sleeve bodysuit
2020-07-05,0,long-sleeve bodysuit
2020-07-12,0,long-sleeve bodysuit
2020-07-19,0,long-sleeve bodysuit
2020-07-26,0,long-sleeve bodysuit
2020-08-02,0,long-sleeve bodysuit
2020-08-09,0,long-sleeve bodysuit
2020-08-16,0,long-sleeve bodysuit
2020-08-23,0,long-sleeve bodysuit
2020-08-30,0,long-sleeve bodysuit
2020-09-06,0,long-sleeve bodysuit
2020-09-13,0,long-sleeve bodysuit
2020-09-20,0,long-sleeve bodysuit
2020-09-27,0,long-sleeve bodysuit
2020-10-04,0,long-sleeve bodysuit
2020-10-11,0,long-sleeve bodysuit
2020-10-18,0,long-sleeve bodysuit
2020-10-25,0,long-sleeve bodysuit
2020-11-01,0,long-sleeve bodysuit
2020-11-08,0,long-sleeve bodysuit
2020-11-15,0,long-sleeve bodysuit
2020-11-22,0,long-sleeve bodysuit
2020-11-29,0,long-sleeve bodysuit
2020-12-06,0,long-sleeve bodysuit
2020-12-13,0,long-sleeve bodysuit
2020-12-20,0,long-sleeve bodysuit
2020-12-27,0,long-sleeve bodysuit
2021-01-03,0,long-sleeve bodysuit
2021-01-10,0,long-sleeve bodysuit
2021-01-17,0,long-sleeve bodysuit
2021-01-24,0,long-sleeve bodysuit
2021-01-31,0,long-sleeve bodysuit
2021-02-07,0,long-sleeve bodysuit
2021-02-14,100,long-sleeve bodysuit
2021-02-21,0,long-sleeve bodysuit
2021-02-28,0,long-sleeve bodysuit
2021-03-07,0,long-sleeve bodysuit
2021-03-14,0,long-sleeve bodysuit
2021-03-21,0,long-sleeve bodysuit
2021-03-28,53,long-sleeve bodysuit
2021-04-04,0,long-sleeve bodysuit
2021-04-11,0,long-sleeve bodysuit
2021-04-18,0,long-sleeve bodysuit
2021-04-25,0,long-sleeve bodysuit
2021-05-02,0,long-sleeve bodysuit
2021-05-09,0,long-sleeve bodysuit
2021-05-16,0,long-sleeve bodysuit
2021-05-23,0,long-sleeve bodysuit
2021-05-30,0,long-sleeve bodysuit
2021-06-06,0,long-sleeve bodysuit
2021-06-13,0,long-sleeve bodysuit
2021-06-20,0,long-sleeve bodysuit
2021-06-27,0,long-sleeve bodysuit
2021-07-04,0,long-sleeve bodysuit
2021-07-11,0,long-sleeve bodysuit
2021-07-18,0,long-sleeve bodysuit
2021-07-25,0,long-sleeve bodysuit
2021-08-01,0,long-sleeve bodysuit
2021-08-08,0,long-sleeve bodysuit
2021-08-15,0,long-sleeve bodysuit
2021-08-22,0,long-sleeve bodysuit
2021-08-29,0,long-sleeve bodysuit
2021-09-05,0,long-sleeve bodysuit
2021-09-12,0,long-sleeve bodysuit
2021-09-19,0,long-sleeve bodysuit
2021-09-26,0,long-sleeve bodysuit
2021-10-03,0,long-sleeve bodysuit
2021-10-10,0,long-sleeve bodysuit
2021-10-17,0,long-sleeve bodysuit
2021-10-24,0,long-sleeve bodysuit
2021-10-31,0,long-sleeve bodysuit
2021-11-07,0,long-sleeve bodysuit
2021-11-14,0,long-sleeve bodysuit
2021-11-21,0,long-sleeve bodysuit
2021-11-28,0,long-sleeve bodysuit
2021-12-05,0,long-sleeve bodysuit
2021-12-12,0,long-sleeve bodysuit
2021-12-19,0,long-sleeve bodysuit
2021-12-26,0,long-sleeve bodysuit
2022-01-02,0,long-sleeve bodysuit
2022-01-09,0,long-sleeve bodysuit
2022-01-16,0,long-sleeve bodysuit
2022-01-23,76,long-sleeve bodysuit
2022-01-30,0,long-sleeve bodysuit
2022-02-06,0,long-sleeve bodysuit
2022-02-13,0,long-sleeve bodysuit
2022-02-20,0,long-sleeve bodysuit
2022-02-27,0,long-sleeve bodysuit
2022-03-06,0,long-sleeve bodysuit
2022-03-13,0,long-sleeve bodysuit
2022-03-20,0,long-sleeve bodysuit
2022-03-27,0,long-sleeve bodysuit
2022-04-03,0,long-sleeve bodysuit
2022-04-10,0,long-sleeve bodysuit
2022-04-17,0,long-sleeve bodysuit
2022-04-24,0,long-sleeve bodysuit
2022-05-01,0,long-sleeve bodysuit
2022-05-08,0,long-sleeve bodysuit
2022-05-15,0,long-sleeve bodysuit
2022-05-22,0,long-sleeve bodysuit
2022-05-29,0,long-sleeve bodysuit
2022-06-05,0,long-sleeve bodysuit
2022-06-12,0,long-sleeve bodysuit
2022-06-19,0,long-sleeve bodysuit
2022-06-26,0,long-sleeve bodysuit
2022-07-03,0,long-sleeve bodysuit
2022-07-10,0,long-sleeve bodysuit
2022-07-17,0,long-sleeve bodysuit
2022-07-24,0,long-sleeve bodysuit
2022-07-31,0,long-sleeve bodysuit
2022-08-07,0,long-sleeve bodysuit
2022-08-14,0,long-sleeve bodysuit
2022-08-21,0,long-sleeve bodysuit
2022-08-28,0,long-sleeve bodysuit
2022-09-04,0,long-sleeve bodysuit
2022-09-11,0,long-sleeve bodysuit
2022-09-18,0,long-sleeve bodysuit
2022-09-25,0,long-sleeve bodysuit
2022-10-02,0,long-sleeve bodysuit
2022-10-09,0,long-sleeve bodysuit
2022-10-16,45,long-sleeve bodysuit
2022-10-23,0,long-sleeve bodysuit
2022-10-30,63,long-sleeve bodysuit
2022-11-06,0,long-sleeve bodysuit
2022-11-13,54,long-sleeve bodysuit
2022-11-20,52,long-sleeve bodysuit
2022-11-27,47,long-sleeve bodysuit
2022-12-04,0,long-sleeve bodysuit
2022-12-11,52,long-sleeve bodysuit
2022-12-18,0,long-sleeve bodysuit
2022-12-25,0,long-sleeve bodysuit
2023-01-01,0,long-sleeve bodysuit
2023-01-08,0,long-sleeve bodysuit
2023-01-15,0,long-sleeve bodysuit
2023-01-22,0,long-sleeve bodysuit
2023-01-29,0,long-sleeve bodysuit
2023-02-05,0,long-sleeve bodysuit
2023-02-12,0,long-sleeve bodysuit
2023-02-19,46,long-sleeve bodysuit
2023-02-26,0,long-sleeve bodysuit
2023-03-05,0,long-sleeve bodysuit
2023-03-12,0,long-sleeve bodysuit
2023-03-19,0,long-sleeve bodysuit
2023-03-26,0,long-sleeve bodysuit
2023-04-02,0,long-sleeve bodysuit
2023-04-09,0,long-sleeve bodysuit
2023-04-16,0,long-sleeve bodysuit
2023-04-23,0,long-sleeve bodysuit
2023-04-30,0,long-sleeve bodysuit
2023-05-07,0,long-sleeve bodysuit
2023-05-14,0,long-sleeve bodysuit
2023-05-21,0,long-sleeve bodysuit
2023-05-28,0,long-sleeve bodysuit
2023-06-04,0,long-sleeve bodysuit
2023-06-11,0,long-sleeve bodysuit
2023-06-18,0,long-sleeve bodysuit
2023-06-25,0,long-sleeve bodysuit
2023-07-02,0,long-sleeve bodysuit
2023-07-09,0,long-sleeve bodysuit
2023-07-16,0,long-sleeve bodysuit
2023-07-23,0,long-sleeve bodysuit
2023-07-30,0,long-sleeve bodysuit
2023-08-06,0,long-sleeve bodysuit
2023-08-13,0,long-sleeve bodysuit
2023-08-20,0,long-sleeve bodysuit
2023-08-27,0,long-sleeve bodysuit
2023-09-03,0,long-sleeve bodysuit
2023-09-10,0,long-sleeve bodysuit
2023-09-17,0,long-sleeve bodysuit
2023-09-24,0,long-sleeve bodysuit
2023-10-01,0,long-sleeve bodysuit
2023-10-08,0,long-sleeve bodysuit
2023-10-15,0,long-sleeve bodysuit
2023-10-22,0,long-sleeve bodysuit
2023-10-29,0,long-sleeve bodysuit
2023-11-05,0,long-sleeve bodysuit
2023-11-12,0,long-sleeve bodysuit
2023-11-19,61,long-sleeve bodysuit
2023-11-26,0,long-sleeve bodysuit
2023-12-03,60,long-sleeve bodysuit
2023-12-10,62,long-sleeve bodysuit
2023-12-17,66,long-sleeve bodysuit
2023-12-24,0,long-sleeve bodysuit
2023-12-31,0,long-sleeve bodysuit
2024-01-07,50,long-sleeve bodysuit
2024-01-14,59,long-sleeve bodysuit
2024-01-21,0,long-sleeve bodysuit
2024-01-28,54,long-sleeve bodysuit
2024-02-04,0,long-sleeve bodysuit
2024-02-11,0,long-sleeve bodysuit
2024-02-18,0,long-sleeve bodysuit
2024-02-25,0,long-sleeve bodysuit
2024-03-03,0,long-sleeve bodysuit
2024-03-10,0,long-sleeve bodysuit
2024-03-17,0,long-sleeve bodysuit
2024-03-24,0,long-sleeve bodysuit
2024-03-31,0,long-sleeve bodysuit
2024-04-07,0,long-sleeve bodysuit
2024-04-14,0,long-sleeve bodysuit
2024-04-21,0,long-sleeve bodysuit
2024-04-28,0,long-sleeve bodysuit
2024-05-05,0,long-sleeve bodysuit
2024-05-12,0,long-sleeve bodysuit
2024-05-19,0,long-sleeve bodysuit
2024-05-26,66,long-sleeve bodysuit
2024-06-02,0,long-sleeve bodysuit
2024-06-09,0,long-sleeve bodysuit
2024-06-16,0,long-sleeve bodysuit
2024-06-23,0,long-sleeve bodysuit
2024-06-30,0,long-sleeve bodysuit
2024-07-07,0,long-sleeve bodysuit
2024-07-14,0,long-sleeve bodysuit
2024-07-21,0,long-sleeve bodysuit
2024-07-28,0,long-sleeve bodysuit
2024-08-04,0,long-sleeve bodysuit
2024-08-11,0,long-sleeve bodysuit
2024-08-18,0,long-sleeve bodysuit
2024-08-25,0,long-sleeve bodysuit
2024-09-01,0,long-sleeve bodysuit
2024-09-08,0,long-sleeve bodysuit
2024-09-15,0,long-sleeve bodysuit
2024-09-22,0,long-sleeve bodysuit
2024-09-29,0,long-sleeve bodysuit
2024-10-06,63,long-sleeve bodysuit
2024-10-13,54,long-sleeve bodysuit
2024-10-20,0,long-sleeve bodysuit
2024-10-27,0,long-sleeve bodysuit
2024-11-03,0,long-sleeve bodysuit
2024-11-10,0,long-sleeve bodysuit
2024-11-17,70,long-sleeve bodysuit
2024-11-24,0,long-sleeve bodysuit
2024-12-01,0,long-sleeve bodysuit
2024-12-08,52,long-sleeve bodysuit
2024-12-15,53,long-sleeve bodysuit
2024-12-22,61,long-sleeve bodysuit
2024-12-29,0,long-sleeve bodysuit
2025-01-05,0,long-sleeve bodysuit
2025-01-12,0,long-sleeve bodysuit
2025-01-19,0,long-sleeve bodysuit
2025-01-26,0,long-sleeve bodysuit
2025-02-02,0,long-sleeve bodysuit
2025-02-09,0,long-sleeve bodysuit
2025-02-16,0,long-sleeve bodysuit
2025-02-23,0,long-sleeve bodysuit
2025-03-02,0,long-sleeve bodysuit
2025-03-09,0,long-sleeve bodysuit
2025-03-16,0,long-sleeve bodysuit
2025-03-23,0,long-sleeve bodysuit
2025-03-30,12,long-sleeve bodysuit
2025-04-06,14,long-sleeve bodysuit
2025-04-13,0,long-sleeve bodysuit
2020-03-08,14,turtleneck sweater
2020-03-15,9,turtleneck sweater
2020-03-22,10,turtleneck sweater
2020-03-29,9,turtleneck sweater
2020-04-05,8,turtleneck sweater
2020-04-12,9,turtleneck sweater
2020-04-19,8,turtleneck sweater
2020-04-26,9,turtleneck sweater
2020-05-03,8,turtleneck sweater
2020-05-10,9,turtleneck sweater
2020-05-17,8,turtleneck sweater
2020-05-24,8,turtleneck sweater
2020-05-31,6,turtleneck sweater
2020-06-07,8,turtleneck sweater
2020-06-14,8,turtleneck sweater
2020-06-21,7,turtleneck sweater
2020-06-28,9,turtleneck sweater
2020-07-05,10,turtleneck sweater
2020-07-12,12,turtleneck sweater
2020-07-19,11,turtleneck sweater
2020-07-26,12,turtleneck sweater
2020-08-02,12,turtleneck sweater
2020-08-09,14,turtleneck sweater
2020-08-16,16,turtleneck sweater
2020-08-23,15,turtleneck sweater
2020-08-30,17,turtleneck sweater
2020-09-06,23,turtleneck sweater
2020-09-13,27,turtleneck sweater
2020-09-20,33,turtleneck sweater
2020-09-27,36,turtleneck sweater
2020-10-04,41,turtleneck sweater
2020-10-11,43,turtleneck sweater
2020-10-18,47,turtleneck sweater
2020-10-25,56,turtleneck sweater
2020-11-01,38,turtleneck sweater
2020-11-08,50,turtleneck sweater
2020-11-15,53,turtleneck sweater
2020-11-22,65,turtleneck sweater
2020-11-29,61,turtleneck sweater
2020-12-06,63,turtleneck sweater
2020-12-13,58,turtleneck sweater
2020-12-20,56,turtleneck sweater
2020-12-27,52,turtleneck sweater
2021-01-03,39,turtleneck sweater
2021-01-10,35,turtleneck sweater
2021-01-17,34,turtleneck sweater
2021-01-24,35,turtleneck sweater
2021-01-31,35,turtleneck sweater
2021-02-07,33,turtleneck sweater
2021-02-14,29,turtleneck sweater
2021-02-21,23,turtleneck sweater
2021-02-28,20,turtleneck sweater
2021-03-07,19,turtleneck sweater
2021-03-14,15,turtleneck sweater
2021-03-21,14,turtleneck sweater
2021-03-28,13,turtleneck sweater
2021-04-04,13,turtleneck sweater
2021-04-11,14,turtleneck sweater
2021-04-18,12,turtleneck sweater
2021-04-25,12,turtleneck sweater
2021-05-02,12,turtleneck sweater
2021-05-09,12,turtleneck sweater
2021-05-16,11,turtleneck sweater
2021-05-23,10,turtleneck sweater
2021-05-30,11,turtleneck sweater
2021-06-06,8,turtleneck sweater
2021-06-13,8,turtleneck sweater
2021-06-20,10,turtleneck sweater
2021-06-27,11,turtleneck sweater
2021-07-04,11,turtleneck sweater
2021-07-11,11,turtleneck sweater
2021-07-18,10,turtleneck sweater
2021-07-25,14,turtleneck sweater
2021-08-01,14,turtleneck sweater
2021-08-08,13,turtleneck sweater
2021-08-15,17,turtleneck sweater
2021-08-22,19,turtleneck sweater
2021-08-29,20,turtleneck sweater
2021-09-05,26,turtleneck sweater
2021-09-12,26,turtleneck sweater
2021-09-19,32,turtleneck sweater
2021-09-26,36,turtleneck sweater
2021-10-03,40,turtleneck sweater
2021-10-10,43,turtleneck sweater
2021-10-17,62,turtleneck sweater
2021-10-24,61,turtleneck sweater
2021-10-31,69,turtleneck sweater
2021-11-07,71,turtleneck sweater
2021-11-14,79,turtleneck sweater
2021-11-21,94,turtleneck sweater
2021-11-28,100,turtleneck sweater
2021-12-05,92,turtleneck sweater
2021-12-12,76,turtleneck sweater
2021-12-19,70,turtleneck sweater
2021-12-26,66,turtleneck sweater
2022-01-02,62,turtleneck sweater
2022-01-09,53,turtleneck sweater
2022-01-16,54,turtleneck sweater
2022-01-23,53,turtleneck sweater
2022-01-30,45,turtleneck sweater
2022-02-06,39,turtleneck sweater
2022-02-13,33,turtleneck sweater
2022-02-20,32,turtleneck sweater
2022-02-27,24,turtleneck sweater
2022-03-06,23,turtleneck sweater
2022-03-13,19,turtleneck sweater
2022-03-20,16,turtleneck sweater
2022-03-27,15,turtleneck sweater
2022-04-03,14,turtleneck sweater
2022-04-10,13,turtleneck sweater
2022-04-17,13,turtleneck sweater
2022-04-24,13,turtleneck sweater
2022-05-01,12,turtleneck sweater
2022-05-08,12,turtleneck sweater
2022-05-15,8,turtleneck sweater
2022-05-22,8,turtleneck sweater
2022-05-29,7,turtleneck sweater
2022-06-05,8,turtleneck sweater
2022-06-12,9,turtleneck sweater
2022-06-19,8,turtleneck sweater
2022-06-26,11,turtleneck sweater
2022-07-03,10,turtleneck sweater
2022-07-10,11,turtleneck sweater
2022-07-17,10,turtleneck sweater
2022-07-24,12,turtleneck sweater
2022-07-31,14,turtleneck sweater
2022-08-07,14,turtleneck sweater
2022-08-14,18,turtleneck sweater
2022-08-21,20,turtleneck sweater
2022-08-28,22,turtleneck sweater
2022-09-04,25,turtleneck sweater
2022-09-11,29,turtleneck sweater
2022-09-18,31,turtleneck sweater
2022-09-25,46,turtleneck sweater
2022-10-02,51,turtleneck sweater
2022-10-09,54,turtleneck sweater
2022-10-16,66,turtleneck sweater
2022-10-23,59,turtleneck sweater
2022-10-30,55,turtleneck sweater
2022-11-06,65,turtleneck sweater
2022-11-13,91,turtleneck sweater
2022-11-20,94,turtleneck sweater
2022-11-27,87,turtleneck sweater
2022-12-04,87,turtleneck sweater
2022-12-11,95,turtleneck sweater
2022-12-18,79,turtleneck sweater
2022-12-25,72,turtleneck sweater
2023-01-01,50,turtleneck sweater
2023-01-08,47,turtleneck sweater
2023-01-15,47,turtleneck sweater
2023-01-22,45,turtleneck sweater
2023-01-29,45,turtleneck sweater
2023-02-05,37,turtleneck sweater
2023-02-12,30,turtleneck sweater
2023-02-19,28,turtleneck sweater
2023-02-26,26,turtleneck sweater
2023-03-05,23,turtleneck sweater
2023-03-12,22,turtleneck sweater
2023-03-19,19,turtleneck sweater
2023-03-26,15,turtleneck sweater
2023-04-02,14,turtleneck sweater
2023-04-09,12,turtleneck sweater
2023-04-16,11,turtleneck sweater
2023-04-23,11,turtleneck sweater
2023-04-30,10,turtleneck sweater
2023-05-07,8,turtleneck sweater
2023-05-14,8,turtleneck sweater
2023-05-21,8,turtleneck sweater
2023-05-28,9,turtleneck sweater
2023-06-04,9,turtleneck sweater
2023-06-11,8,turtleneck sweater
2023-06-18,7,turtleneck sweater
2023-06-25,10,turtleneck sweater
2023-07-02,7,turtleneck sweater
2023-07-09,9,turtleneck sweater
2023-07-16,11,turtleneck sweater
2023-07-23,10,turtleneck sweater
2023-07-30,12,turtleneck sweater
2023-08-06,13,turtleneck sweater
2023-08-13,17,turtleneck sweater
2023-08-20,17,turtleneck sweater
2023-08-27,22,turtleneck sweater
2023-09-03,21,turtleneck sweater
2023-09-10,27,turtleneck sweater
2023-09-17,33,turtleneck sweater
2023-09-24,39,turtleneck sweater
2023-10-01,36,turtleneck sweater
2023-10-08,49,turtleneck sweater
2023-10-15,52,turtleneck sweater
2023-10-22,50,turtleneck sweater
2023-10-29,58,turtleneck sweater
2023-11-05,67,turtleneck sweater
2023-11-12,68,turtleneck sweater
2023-11-19,82,turtleneck sweater
2023-11-26,86,turtleneck sweater
2023-12-03,82,turtleneck sweater
2023-12-10,80,turtleneck sweater
2023-12-17,66,turtleneck sweater
2023-12-24,61,turtleneck sweater
2023-12-31,56,turtleneck sweater
2024-01-07,51,turtleneck sweater
2024-01-14,54,turtleneck sweater
2024-01-21,45,turtleneck sweater
2024-01-28,34,turtleneck sweater
2024-02-04,33,turtleneck sweater
2024-02-11,25,turtleneck sweater
2024-02-18,26,turtleneck sweater
2024-02-25,22,turtleneck sweater
2024-03-03,17,turtleneck sweater
2024-03-10,16,turtleneck sweater
2024-03-17,14,turtleneck sweater
2024-03-24,14,turtleneck sweater
2024-03-31,14,turtleneck sweater
2024-04-07,11,turtleneck sweater
2024-04-14,11,turtleneck sweater
2024-04-21,10,turtleneck sweater
2024-04-28,10,turtleneck sweater
2024-05-05,7,turtleneck sweater
2024-05-12,10,turtleneck sweater
2024-05-19,8,turtleneck sweater
2024-05-26,7,turtleneck sweater
2024-06-02,7,turtleneck sweater
2024-06-09,6,turtleneck sweater
2024-06-16,7,turtleneck sweater
2024-06-23,9,turtleneck sweater
2024-06-30,9,turtleneck sweater
2024-07-07,8,turtleneck sweater
2024-07-14,10,turtleneck sweater
2024-07-21,11,turtleneck sweater
2024-07-28,11,turtleneck sweater
2024-08-04,13,turtleneck sweater
2024-08-11,14,turtleneck sweater
2024-08-18,19,turtleneck sweater
2024-08-25,20,turtleneck sweater
2024-09-01,22,turtleneck sweater
2024-09-08,26,turtleneck sweater
2024-09-15,30,turtleneck sweater
2024-09-22,33,turtleneck sweater
2024-09-29,34,turtleneck sweater
2024-10-06,39,turtleneck sweater
2024-10-13,53,turtleneck sweater
2024-10-20,51,turtleneck sweater
2024-10-27,50,turtleneck sweater
2024-11-03,45,turtleneck sweater
2024-11-10,61,turtleneck sweater
2024-11-17,72,turtleneck sweater
2024-11-24,87,turtleneck sweater
2024-12-01,95,turtleneck sweater
2024-12-08,82,turtleneck sweater
2024-12-15,71,turtleneck sweater
2024-12-22,64,turtleneck sweater
2024-12-29,57,turtleneck sweater
2025-01-05,56,turtleneck sweater
2025-01-12,53,turtleneck sweater
2025-01-19,52,turtleneck sweater
2025-01-26,40,turtleneck sweater
2025-02-02,32,turtleneck sweater
2025-02-09,32,turtleneck sweater
2025-02-16,34,turtleneck sweater
2025-02-23,21,turtleneck sweater
2025-03-02,19,turtleneck sweater
2025-03-09,17,turtleneck sweater
2025-03-16,16,turtleneck sweater
2025-03-23,14,turtleneck sweater
2025-03-30,13,turtleneck sweater
2025-04-06,12,turtleneck sweater
2025-04-13,11,turtleneck sweater
